{"cameraMode":{"drawMode":0,"name":"Shaded","section":"Shading Mode"},"sceneLighting":false,"audioPlay":false,"sceneViewState":{"showFog":true,"showMaterialUpdate":false,"showSkybox":false,"showFlares":true,"showImageEffects":true,"showParticleSystems":true},"in2DMode":false,"pivot":{"x":0.5991491079330444,"y":1.2707128524780274,"z":0.04920968413352966},"rotation":{"x":0.023061038926243783,"y":0.8243018388748169,"z":-0.03366078808903694,"w":0.564678430557251},"size":0.6142116785049439,"orthographic":false}